no prob bob, It's Lapis. , It's Lapis. , It's Lapis. , It's Lapis. 
ready freddy, My name's lapis. , My name's lapis. , My name's lapis. , My name's lapis. 
feelsbadmom, [FeelsBadMom](http://i.imgur.com/3TctSGO.jpg), [FeelsBadMom](http://i.imgur.com/3TctSGO.jpg), [FeelsBadMom](http://i.imgur.com/3TctSGO.jpg), [FeelsBadMom](http://i.imgur.com/3TctSGO.jpg)
pun intended," >Pun intended 

*snaps* What did I just say? ", *snaps* What did I just say? ," >Pun intended 

*snaps* [What did I just say?](http://i.imgur.com/5J1fees.gif)", *snaps* [What did I just say?](http://i.imgur.com/5J1fees.gif)
gregfuckedarock," r/gregfuckedarock \
http://gregfuckedarock.tumblr.com 
#GREG FUCKED A ROCK 
(He also choosened a rock)"," r/gregfuckedarock \
http://gregfuckedarock.tumblr.com 
#GREG FUCKED A ROCK"," r/gregfuckedarock \
http://gregfuckedarock.tumblr.com 
#GREG FUCKED A ROCK 
(He also choosened a rock)"," r/gregfuckedarock \
http://gregfuckedarock.tumblr.com 
#GREG FUCKED A ROCK"
hate lars," >hate lars 

[Wow okay](http://i.imgur.com/wioQyHJ.jpg)"," >hate lars 

[Wow okay](http://i.imgur.com/wioQyHJ.jpg)"," >hate lars 

[Wow okay](http://i.imgur.com/wioQyHJ.jpg)"," >hate lars 

[Wow okay](http://i.imgur.com/wioQyHJ.jpg)"
where is," >Where is… 

YOU MEAN THIS? "," >Where is ~~…~~ AMETHYST'S BUTT 

YOU MEAN THIS?"," >Where is… 

YOU MEAN THIS? "," >Where is ~~…~~ AMETHYST'S BUTT 

YOU MEAN THIS?"
greg choosened a rock," r/gregchoosenedarock \
r/gregchoosenedarock 
#GREG CHOOSENED A ROCK 
(He also fucked a rock)"," r/gregchoosenedarock \
r/gregchoosenedarock 
#GREG CHOOSENED A ROCK"," r/gregchoosenedarock \
r/gregchoosenedarock 
#GREG CHOOSENED A ROCK 
(He also fucked a rock)"," r/gregchoosenedarock \
r/gregchoosenedarock 
#GREG CHOOSENED A ROCK"
gregchoosenedarock," r/gregchoosenedarock \
r/gregchoosenedarock 
#GREG CHOOSENED A ROCK 
(He also fucked a rock)"," r/gregchoosenedarock \
r/gregchoosenedarock 
#GREG CHOOSENED A ROCK"," r/gregchoosenedarock \
r/gregchoosenedarock 
#GREG CHOOSENED A ROCK 
(He also fucked a rock)"," r/gregchoosenedarock \
r/gregchoosenedarock 
#GREG CHOOSENED A ROCK"
greg fuck,"r/gregfuckedarock \
http://gregfuckedarock.tumblr.com 
#GREG FUCKED A ROCK 
(He also choosened a rock)","r/gregfuckedarock \
http://gregfuckedarock.tumblr.com 
#GREG FUCKED A ROCK","r/gregfuckedarock \
http://gregfuckedarock.tumblr.com 
#GREG FUCKED A ROCK 
(He also choosened a rock)","r/gregfuckedarock \
http://gregfuckedarock.tumblr.com 
#GREG FUCKED A ROCK"
